{"cameraMode":{"drawMode":0,"name":"Shaded","section":"Shading Mode"},"sceneLighting":true,"audioPlay":false,"sceneViewState":{"m_AlwaysRefresh":false,"showFog":true,"showSkybox":false,"showFlares":true,"showImageEffects":true,"showParticleSystems":true,"showVisualEffectGraphs":true,"m_FxEnabled":true},"in2DMode":false,"pivot":{"x":-0.25727126002311709,"y":-0.06310668587684632,"z":2.6319377422332765},"rotation":{"x":0.08689131587743759,"y":-0.0026784338988363744,"z":0.00023670544032938778,"w":0.9962297081947327},"size":2.135637044906616,"orthographic":true}