{"cameraMode":{"drawMode":0,"name":"Shaded","section":"Shading Mode"},"sceneLighting":false,"audioPlay":false,"sceneViewState":{"m_AlwaysRefresh":false,"showFog":true,"showSkybox":false,"showFlares":true,"showImageEffects":true,"showParticleSystems":true,"showVisualEffectGraphs":true,"m_FxEnabled":true},"in2DMode":false,"pivot":{"x":505.3609313964844,"y":280.6000061035156,"z":-189.80572509765626},"rotation":{"x":-0.005139638669788837,"y":-0.9948498010635376,"z":0.07475363463163376,"w":-0.06845852732658386},"size":749.5603637695313,"orthographic":true}