{"cameraMode":{"drawMode":0,"name":"Shaded","section":"Shading Mode"},"sceneLighting":false,"audioPlay":false,"sceneViewState":{"m_AlwaysRefresh":false,"showFog":true,"showSkybox":false,"showFlares":true,"showImageEffects":true,"showParticleSystems":true,"showVisualEffectGraphs":true,"m_FxEnabled":true},"in2DMode":false,"pivot":{"x":-384.1614074707031,"y":0.27504271268844607,"z":248.7652130126953},"rotation":{"x":0.07689940929412842,"y":0.43981924653053286,"z":-0.03781695291399956,"w":0.8939995765686035},"size":1.7462096214294434,"orthographic":true}